comment_id;score;subreddit;post_id;post_score;post_title;post_upvote_ratio
mz37kbp;224;worldnews;1lhakng;3319;/r/WorldNews Live Thread: Israel-Iran Conflict (Thread #6);0.92
l5sxewd;127;worldnews;1d1bl2v;10413;�22 killed� in Israeli air strike on tents for displaced people;0.79
l5t5zip;132;worldnews;1d1bl2v;10413;�22 killed� in Israeli air strike on tents for displaced people;0.79
l5t7afy;140;worldnews;1d1bl2v;10413;�22 killed� in Israeli air strike on tents for displaced people;0.79
l5svo3j;152;worldnews;1d1bl2v;10413;�22 killed� in Israeli air strike on tents for displaced people;0.79
l5teuoi;167;worldnews;1d1bl2v;10413;�22 killed� in Israeli air strike on tents for displaced people;0.79
l5t4nki;219;worldnews;1d1bl2v;10413;�22 killed� in Israeli air strike on tents for displaced people;0.79
l5sucol;225;worldnews;1d1bl2v;10413;�22 killed� in Israeli air strike on tents for displaced people;0.79
l5tg8tl;362;worldnews;1d1bl2v;10413;�22 killed� in Israeli air strike on tents for displaced people;0.79
l5ssecg;460;worldnews;1d1bl2v;10413;�22 killed� in Israeli air strike on tents for displaced people;0.79
lryjzpq;111;worldnews;1g3pqel;1157;104 UN member states condemn Israel's 'persona non grata' declaration against UN chief | The Express Tribune;0.76
kb18wya;126;worldnews;1859yoh;1952;2 mothers and 9 children: Hamas said to hand Israeli hostages over to Red Cross;0.94
n80f2ng;123;worldnews;1mmv3jp;15456;4 Al Jazeera journalists killed in Israeli strike in Gaza;0.88
n81epge;131;worldnews;1mmv3jp;15456;4 Al Jazeera journalists killed in Israeli strike in Gaza;0.88
n80hrhu;143;worldnews;1mmv3jp;15456;4 Al Jazeera journalists killed in Israeli strike in Gaza;0.88
n80yol0;154;worldnews;1mmv3jp;15456;4 Al Jazeera journalists killed in Israeli strike in Gaza;0.88
n80krlu;157;worldnews;1mmv3jp;15456;4 Al Jazeera journalists killed in Israeli strike in Gaza;0.88
n80emsn;165;worldnews;1mmv3jp;15456;4 Al Jazeera journalists killed in Israeli strike in Gaza;0.88
n80ntnc;179;worldnews;1mmv3jp;15456;4 Al Jazeera journalists killed in Israeli strike in Gaza;0.88
n81kctm;205;worldnews;1mmv3jp;15456;4 Al Jazeera journalists killed in Israeli strike in Gaza;0.88
n80g3n8;211;worldnews;1mmv3jp;15456;4 Al Jazeera journalists killed in Israeli strike in Gaza;0.88
n80r0ad;222;worldnews;1mmv3jp;15456;4 Al Jazeera journalists killed in Israeli strike in Gaza;0.88
n80jbxp;284;worldnews;1mmv3jp;15456;4 Al Jazeera journalists killed in Israeli strike in Gaza;0.88
n80eqf9;763;worldnews;1mmv3jp;15456;4 Al Jazeera journalists killed in Israeli strike in Gaza;0.88
mwe9v60;130;worldnews;1l52mju;2584;4 IDF soldiers killed, 5 wounded after booby-trapped south Gaza building collapses;0.79
mwduehj;219;worldnews;1l52mju;2584;4 IDF soldiers killed, 5 wounded after booby-trapped south Gaza building collapses;0.79
l4b4kye;-123;worldnews;1ctc4ec;1016;5 Israeli soldiers killed by friendly fire in northern Gaza;0.87
kk2cxty;-106;worldnews;1admxpa;1523;'A blood libel': Israeli President Herzog says ICJ 'twisted my words' to support 'unfounded' contention;0.82
kk2ki9e;102;worldnews;1admxpa;1523;'A blood libel': Israeli President Herzog says ICJ 'twisted my words' to support 'unfounded' contention;0.82
ky6c1gu;113;worldnews;1bwak9n;3642;A Human Rights Watch investigation published Thursday said an Israeli attack on a Gaza building in October had no apparent militant target, but killed 106 civilians, including 54 children, making it an �apparent war crime.�;0.8
ky5oio1;138;worldnews;1bwak9n;3642;A Human Rights Watch investigation published Thursday said an Israeli attack on a Gaza building in October had no apparent militant target, but killed 106 civilians, including 54 children, making it an �apparent war crime.�;0.8
ky5n2iw;151;worldnews;1bwak9n;3642;A Human Rights Watch investigation published Thursday said an Israeli attack on a Gaza building in October had no apparent militant target, but killed 106 civilians, including 54 children, making it an �apparent war crime.�;0.8
ky5al1h;288;worldnews;1bwak9n;3642;A Human Rights Watch investigation published Thursday said an Israeli attack on a Gaza building in October had no apparent militant target, but killed 106 civilians, including 54 children, making it an �apparent war crime.�;0.8
n63h5ji;123;worldnews;1mdpwif;1136;ABC Australia calls on Israel to allow journalists to move in and out of Gaza;0.84
ltnn07m;151;worldnews;1gbowm2;2904;After clearing Lebanese village, IDF troops say weapons found in nearly every home;0.81
nu0ofo1;101;worldnews;1pmke2o;3712;After the attack on Sydney, Netanyahu blames PM Albanese, saying that in August, he had told Prime Minister Anthony Albanese in a letter that the Australian government's policies were promoting and encouraging antisemitism in Australia.;0.84
nu0n9mq;111;worldnews;1pmke2o;3712;After the attack on Sydney, Netanyahu blames PM Albanese, saying that in August, he had told Prime Minister Anthony Albanese in a letter that the Australian government's policies were promoting and encouraging antisemitism in Australia.;0.84
l2rjris;104;worldnews;1cl21zc;10809;Al Jazeera office raided as Israel takes channel off air;0.92
l2ssf2g;175;worldnews;1cl21zc;10809;Al Jazeera office raided as Israel takes channel off air;0.92
l2s0e6s;299;worldnews;1cl21zc;10809;Al Jazeera office raided as Israel takes channel off air;0.92
l4z1ugp;163;worldnews;1cwwwyo;5732;Amal Clooney played key role in request for ICC arrest warrants against Netanyahu, Gallant;0.87
lrzm6sl;128;worldnews;1g3rfu8;2008;Anti-Zionist beliefs �worthy of respect�, UK tribunal finds | Judges say unfairly dismissed academic David Miller�s views on Israel should be protected by antidiscrimination laws;0.81
ly9hts5;115;worldnews;1gweqxp;2999;Arrest warrants issued for Israeli PM Netanyahu and former defence secretary Gallant over alleged war crimes | World News;0.87
ly98b3k;119;worldnews;1gweqxp;2999;Arrest warrants issued for Israeli PM Netanyahu and former defence secretary Gallant over alleged war crimes | World News;0.87
my0h4gm;117;worldnews;1lch5es;1799;At least 11 killed across Israel amid multi-day barrage of missiles from Iran;0.9
my0kfpp;190;worldnews;1lch5es;1799;At least 11 killed across Israel amid multi-day barrage of missiles from Iran;0.9
loidfkb;259;worldnews;1fnhgx3;8947;At least 31 people killed in Israeli strikes on Lebanon;0.89
m9geupl;114;worldnews;1ib9wlt;14905;At least eight hostages to be released in ceasefire deal are dead, Hamas tells Israel;0.93
kdw44tl;137;worldnews;18l8tdd;1615;Auschwitz slams Israeli council head's plans for Gaza Strip;0.8
n9pe4ue;122;worldnews;1mvc43s;2510;Australia pans Netanyahu: �Strength not measured by how many people you can blow up�;0.86
n82eplx;158;worldnews;1mn2iaw;2277;Australia will recognize a Palestinian state, Australian Prime Minister Anthony Albanese says;0.85
lq40vsz;141;worldnews;1fv1iw8;5956;Aziz Salha, photographed preparator of Ramallah lynching, killed in IAF strike in Gaza - report;0.92
kh2wajf;128;worldnews;192k82e;10806;BBC apologizes for running Hamas claim IDF executed Gaza civilians;0.75
kh32f8k;147;worldnews;192k82e;10806;BBC apologizes for running Hamas claim IDF executed Gaza civilians;0.75
n4bok05;148;worldnews;1m5f4wo;14961;Belgian king calls for greater European leadership and describes situation in Gaza as 'disgrace to humanity';0.9
m1be6gr;109;worldnews;1hasmhj;3668;Benjamin Netanyahu says Golan Heights will remain part of Israel �for eternity� | Syria;0.91
m1bj0hy;116;worldnews;1hasmhj;3668;Benjamin Netanyahu says Golan Heights will remain part of Israel �for eternity� | Syria;0.91
m1b91hh;123;worldnews;1hasmhj;3668;Benjamin Netanyahu says Golan Heights will remain part of Israel �for eternity� | Syria;0.91
kabyxc5;101;worldnews;181e5r5;9304;Biden Admin warns it might not support next phase of Israel's war;0.91
l37ciyi;222;worldnews;1cnh663;23214;Biden says he will stop sending bombs and artillery shells to Israel if they launch major invasion of Rafah;0.87
kzidkkv;104;worldnews;1c3l0c3;14241;Biden told Netanyahu U.S. won't support an Israeli counterattack on Iran;0.92
kzhojv1;148;worldnews;1c3l0c3;14241;Biden told Netanyahu U.S. won't support an Israeli counterattack on Iran;0.92
lcvwxrj;107;worldnews;1e1m347;4691;Biden: Israel and Hamas have agreed to ceasefire framework;0.93
lmgcm3q;102;worldnews;1fdic7e;5749;Blinken says killing of American woman in West Bank 'unprovoked and unjustified';0.89
kyfu5lc;138;worldnews;1bxwpui;6945;Boris Johnson: Arms embargo on Israel 'death wish of Western civilization';0.81
kyg3so8;141;worldnews;1bxwpui;6945;Boris Johnson: Arms embargo on Israel 'death wish of Western civilization';0.81
obpmrqx;138;worldnews;1rzxrpl;2545;Building collapses in Dimona, Israel after latest Iranian missile attack;0.94
ocv2eof;120;worldnews;1s5ix0v;7880;Canada will cancel thousands of refugee claims under new retroactive law;0.97
ocnhxz0;119;worldnews;1s4j66k;3908;Chief of Staff Zamir warns IDF will collapse due to lack of manpower, raises 'ten red flags';0.92
n2fh4i8;104;worldnews;1lwk6ob;9271;Children queuing at Gaza health center killed in Israeli strike, medics say.;0.83
n2ewqav;234;worldnews;1lwk6ob;9271;Children queuing at Gaza health center killed in Israeli strike, medics say.;0.83
n2f6n7d;253;worldnews;1lwk6ob;9271;Children queuing at Gaza health center killed in Israeli strike, medics say.;0.83
kzxsgfy;105;worldnews;1c5vdz6;1214;China Supports Iran�s Position After Attack On Israel;0.89
kco1jp2;193;worldnews;18ekdpy;1591;Civilians make up 61% of Gaza deaths from airstrikes, Israeli study finds;0.79
l25ccdo;403;worldnews;1chus1b;5200;Colombia to cut diplomatic ties with Israel;0.88
m9cy1vr;101;worldnews;1iar9rx;9737;Colombia to send presidential plane to Honduras to pick up migrants from US flights;0.97
khyphc8;-182;worldnews;1977lvs;3220;Combined attacks leave scores injured in Ra�anana, Israel;0.87
l0xe3cq;138;worldnews;1cba57t;4615;'Completely baseless': Reports of mass graves at Gaza hospitals are false, IDF says - I24NEWS;0.75
nlpqesv;156;worldnews;1ohoeji;1215;Conflicting accounts emerge after UN peacekeepers shoot down Israeli drone;0.93
kdrgvuu;130;worldnews;18kcj7s;1407;Defense chiefs take blame for hostage killings, note complexities of Gaza battlefield;0.85
kdr2jek;356;worldnews;18kcj7s;1407;Defense chiefs take blame for hostage killings, note complexities of Gaza battlefield;0.85
kw0g7ag;107;worldnews;1bkrl27;12313;Dermer: Israel will enter Rafah 'even if entire world turns on us, including the US';0.91
kw0i1e5;108;worldnews;1bkrl27;12313;Dermer: Israel will enter Rafah 'even if entire world turns on us, including the US';0.91
kw0e868;121;worldnews;1bkrl27;12313;Dermer: Israel will enter Rafah 'even if entire world turns on us, including the US';0.91
kep7iuw;244;worldnews;18pldpv;3127;Doctor resigns from CMA board amid response to backlash over pro-Palestinian posts;0.85
licxrke;108;worldnews;1et7bpb;4995;Dozens of masked Israelis riot in the West Bank, Palestinian reportedly shot dead;0.87
kin6lpz;101;worldnews;19arjbn;1686;EU's top diplomat: Palestinian state may need to be imposed on Israel from outside;0.83
na1o0rq;111;worldnews;1mx1h1g;24745;Famine declared in Gaza City;0.85
na27zge;113;worldnews;1mx1h1g;24745;Famine declared in Gaza City;0.85
na2axz5;289;worldnews;1mx1h1g;24745;Famine declared in Gaza City;0.85
kjivq0g;142;worldnews;19f9deh;2687;For second day in a row, protesters block aid reaching Gaza from Israel;0.88
nhllwnm;169;worldnews;1nx86o3;6105;Foreign Ministry: Flotilla to Gaza had no humanitarian supplies;0.74
kxn0ys4;101;worldnews;1btjdrn;3509;Four foreign aid workers and Palestinian translator killed in convoy strike, Gaza health officials say;0.85
kxmsu1r;166;worldnews;1btjdrn;3509;Four foreign aid workers and Palestinian translator killed in convoy strike, Gaza health officials say;0.85
kxmruwk;546;worldnews;1btjdrn;3509;Four foreign aid workers and Palestinian translator killed in convoy strike, Gaza health officials say;0.85
n5cia2b;155;worldnews;1ma5ul2;4909;France demands explanations from Vueling after French Jewish teenagers were removed from flight;0.87
nfo6hff;110;worldnews;1nnwa9e;35557;France recognizes State of Palestine, Macron declares at UN;0.88
nfnlbv5;167;worldnews;1nnwa9e;35557;France recognizes State of Palestine, Macron declares at UN;0.88
m1laheo;109;worldnews;1hc2nld;11217;France tells Israel to withdraw its forces from Syria buffer zone;0.91
of3ojfw;147;worldnews;1sga27c;3270;France, Spain condemn Israeli strikes in Lebanon;0.89
n3bjlds;114;worldnews;1m0l441;1184;France's Macron withdraws from UN Palestinian state recognition conference;0.89
mqoxo88;137;worldnews;1kf8tva;1503;Francis�s popemobile to be driven into Gaza;0.87
lqhhiw7;104;worldnews;1fwqvny;16280;French President Emmanuel Macron calls for arms embargo on Israel;0.83
kehuzmb;103;worldnews;18ohqg2;7786;Gaza death toll exceeds 20,000 as Israel expands ground war against Hamas;0.85
keido5j;107;worldnews;18ohqg2;7786;Gaza death toll exceeds 20,000 as Israel expands ground war against Hamas;0.85
keht6qv;111;worldnews;18ohqg2;7786;Gaza death toll exceeds 20,000 as Israel expands ground war against Hamas;0.85
keh8lhh;129;worldnews;18ohqg2;7786;Gaza death toll exceeds 20,000 as Israel expands ground war against Hamas;0.85
kehi3jy;160;worldnews;18ohqg2;7786;Gaza death toll exceeds 20,000 as Israel expands ground war against Hamas;0.85
keh6kg0;193;worldnews;18ohqg2;7786;Gaza death toll exceeds 20,000 as Israel expands ground war against Hamas;0.85
kehhxuu;293;worldnews;18ohqg2;7786;Gaza death toll exceeds 20,000 as Israel expands ground war against Hamas;0.85
keh73e8;419;worldnews;18ohqg2;7786;Gaza death toll exceeds 20,000 as Israel expands ground war against Hamas;0.85
n4ltakh;161;worldnews;1m6qt08;1068;Gaza hospital boss says 21 children died of malnutrition, starvation over last 3 days;0.73
n4lvwoy;175;worldnews;1m6qt08;1068;Gaza hospital boss says 21 children died of malnutrition, starvation over last 3 days;0.73
n4s4p6z;115;worldnews;1m7it3h;19465;Gaza suffering man-made mass starvation, says WHO chief;0.87
n4svixk;139;worldnews;1m7it3h;19465;Gaza suffering man-made mass starvation, says WHO chief;0.87
n4slbk3;163;worldnews;1m7it3h;19465;Gaza suffering man-made mass starvation, says WHO chief;0.87
n4sbwxp;186;worldnews;1m7it3h;19465;Gaza suffering man-made mass starvation, says WHO chief;0.87
n4s2q53;261;worldnews;1m7it3h;19465;Gaza suffering man-made mass starvation, says WHO chief;0.87
kalbo9c;101;worldnews;182trsc;1565;Gaza war to continue for at least two more months: Israel Defence Minister;0.89
l4fu29k;109;worldnews;1cu2big;1464;Gaza war: Israel accuses South Africa of false claims at ICJ;0.84
k9nrsmf;101;worldnews;17xcszp;7607;Germany to discuss draft laws to make recognition of Israel a condition for citizenship;0.85
k9ncwgu;120;worldnews;17xcszp;7607;Germany to discuss draft laws to make recognition of Israel a condition for citizenship;0.85
mwzs7gu;116;worldnews;1l7uqzo;21292;Greta Thunberg deported from Israel after Gaza boat seized;0.88
mx03gih;123;worldnews;1l7uqzo;21292;Greta Thunberg deported from Israel after Gaza boat seized;0.88
mx0ncgs;141;worldnews;1l7uqzo;21292;Greta Thunberg deported from Israel after Gaza boat seized;0.88
mx09khw;155;worldnews;1l7uqzo;21292;Greta Thunberg deported from Israel after Gaza boat seized;0.88
mx0282y;191;worldnews;1l7uqzo;21292;Greta Thunberg deported from Israel after Gaza boat seized;0.88
kk9fv8f;169;worldnews;1aeov92;10975;Hamas command center found under cemetery Israel accused of desecrating;0.72
kkag6a8;250;worldnews;1aeov92;10975;Hamas command center found under cemetery Israel accused of desecrating;0.72
kv9ctal;158;worldnews;1bgs98k;3857;Hamas confirms Marwan Issa killed - report;0.92
ng00fdu;110;worldnews;1npb9h1;4085;Hamas fires on IDF troops from Gaza�s largest hospital as Israeli forces advance;0.8
kapg220;124;worldnews;183iv4n;1726;Hamas is set to release 14 Israeli hostages for 42 Israel-held Palestinians in a second truce swap;0.88
l0t0bd0;107;worldnews;1cal5op;9842;Hamas kills aid workers to manufacture Gaza food crisis, Fatah charges;0.77
l7cknwd;404;worldnews;1d9e1ea;10415;Hamas kills IDF combat dog in Gaza and rigs its body to kill troops;0.68
mupef3a;135;worldnews;1kxh8zj;21006;Hamas leader Mohammed Sinwar has been  eliminated, Israel reports;0.87
n0c3xva;116;worldnews;1ln0oxv;9721;Hamas offers bounties to kill US and local aid workers;0.79
l2qje1y;105;worldnews;1cky6mh;2427;Hamas says latest cease-fire talks have ended. Israel vows military operation in 'very near future';0.93
mc1zzln;191;worldnews;1imbb2y;12701;Hamas suspends hostage release, says Israel is not following ceasefire agreement;0.94
n1ztgye;103;worldnews;1lumonv;10797;Hamas used sexual violence as part of 'genocidal strategy';0.61
n1zmjsm;121;worldnews;1lumonv;10797;Hamas used sexual violence as part of 'genocidal strategy';0.61
n200lx0;147;worldnews;1lumonv;10797;Hamas used sexual violence as part of 'genocidal strategy';0.61
n1zj2ct;324;worldnews;1lumonv;10797;Hamas used sexual violence as part of 'genocidal strategy';0.61
krxqhwg;101;worldnews;1ayt7ob;11110;Hamas�s �sadistic sex crimes� on Oct. 7 set forth in new report;0.68
l6zpv01;111;worldnews;1d7grv5;10322;Hezbollah burns 2,500 acres of land in northern Israel: 'It will take years to recover';0.87
mvqp64s;205;worldnews;1l275yi;2432;Huckabee suggests Paris give Palestinians state in French Riviera;0.88
n6h9oj6;106;worldnews;1mfh77d;4291;Hundreds in Tel Aviv demand end to Gaza war: �It�s a duty to refuse� to serve there;0.88
l4v0lsx;104;worldnews;1cwckjx;14926;ICC seeks arrest warrants against Sinwar and Netanyahu for war crimes over October 7 attack and Gaza war;0.89
l4uzm6y;113;worldnews;1cwckjx;14926;ICC seeks arrest warrants against Sinwar and Netanyahu for war crimes over October 7 attack and Gaza war;0.89
l4ux5m7;147;worldnews;1cwckjx;14926;ICC seeks arrest warrants against Sinwar and Netanyahu for war crimes over October 7 attack and Gaza war;0.89
kf9i5dc;153;worldnews;18srtbh;3684;IDF admits Christmas Eve Gaza airstrike killed dozens of innocents;0.83
l6y9jle;101;worldnews;1d7aqf7;3663;IDF announce deaths of four hostages in Hamas captivity;0.88
kyn5oew;166;worldnews;1bz2ygg;1712;IDF entry into Rafah: 'It will happen, we already have a date' - Netanyahu;0.88
lqbdfrc;198;worldnews;1fvzgpy;16062;IDF kills 250 Hezbollah terrorists in four days, including 21 commanders;0.76
kgwji5i;168;worldnews;191mqp9;3589;IDF knows where Hamas leader is, but won't strike at him because of hostages;0.86
kdi642t;102;worldnews;18j70dk;1047;IDF mistakenly kills 3 Israeli hostages in friendly fire amid fierce fighting with Hamas in Gaza - I24NEWS;0.85
kdifw50;109;worldnews;18j70dk;1047;IDF mistakenly kills 3 Israeli hostages in friendly fire amid fierce fighting with Hamas in Gaza - I24NEWS;0.85
kc3u13z;172;worldnews;18bav18;11291;IDF officials: 15,000 likely killed in Gaza since start of war, 5,000 of them are Hamas;0.82
lgdr9ve;108;worldnews;1ejflgg;13204;IDF releases file seized in Gaza to show Al Jazeera reporter was Hamas member;0.76
lgdboxy;161;worldnews;1ejflgg;13204;IDF releases file seized in Gaza to show Al Jazeera reporter was Hamas member;0.76
lgdnbj7;191;worldnews;1ejflgg;13204;IDF releases file seized in Gaza to show Al Jazeera reporter was Hamas member;0.76
ltco31o;155;worldnews;1gabpz7;10730;IDF reveals: Six Al Jazeera journalists are Hamas, PIJ terrorists;0.77
ksqczw7;103;worldnews;1b2yydz;10912;"IDF says it fired on Gazans who endangered troops in stampede; Hamas claims 70 dead";0.84
kspf14g;104;worldnews;1b2yydz;10912;"IDF says it fired on Gazans who endangered troops in stampede; Hamas claims 70 dead";0.84
ksp9bbe;109;worldnews;1b2yydz;10912;"IDF says it fired on Gazans who endangered troops in stampede; Hamas claims 70 dead";0.84
kspbuv4;117;worldnews;1b2yydz;10912;"IDF says it fired on Gazans who endangered troops in stampede; Hamas claims 70 dead";0.84
kspbeig;122;worldnews;1b2yydz;10912;"IDF says it fired on Gazans who endangered troops in stampede; Hamas claims 70 dead";0.84
ksp90g9;128;worldnews;1b2yydz;10912;"IDF says it fired on Gazans who endangered troops in stampede; Hamas claims 70 dead";0.84
kspxe53;147;worldnews;1b2yydz;10912;"IDF says it fired on Gazans who endangered troops in stampede; Hamas claims 70 dead";0.84
kspvcbl;170;worldnews;1b2yydz;10912;"IDF says it fired on Gazans who endangered troops in stampede; Hamas claims 70 dead";0.84
kspksma;452;worldnews;1b2yydz;10912;"IDF says it fired on Gazans who endangered troops in stampede; Hamas claims 70 dead";0.84
ksoqrv8;538;worldnews;1b2yydz;10912;"IDF says it fired on Gazans who endangered troops in stampede; Hamas claims 70 dead";0.84
n1pu21f;105;worldnews;1ltdl6a;11484;IDF says it killed Hamas commander in cafe strike that killed dozens of civilians;0.89
n1pqw3y;110;worldnews;1ltdl6a;11484;IDF says it killed Hamas commander in cafe strike that killed dozens of civilians;0.89
n1pvugo;126;worldnews;1ltdl6a;11484;IDF says it killed Hamas commander in cafe strike that killed dozens of civilians;0.89
n1pp4y5;133;worldnews;1ltdl6a;11484;IDF says it killed Hamas commander in cafe strike that killed dozens of civilians;0.89
n1pltme;176;worldnews;1ltdl6a;11484;IDF says it killed Hamas commander in cafe strike that killed dozens of civilians;0.89
n1ptsar;288;worldnews;1ltdl6a;11484;IDF says it killed Hamas commander in cafe strike that killed dozens of civilians;0.89
n1pr17u;605;worldnews;1ltdl6a;11484;IDF says it killed Hamas commander in cafe strike that killed dozens of civilians;0.89
ks8avbo;129;worldnews;1b0hgq1;3909;IDF says probe indicates no troops were in area where 6-year-old Gazan girl was killed;0.8
ks84f7k;143;worldnews;1b0hgq1;3909;IDF says probe indicates no troops were in area where 6-year-old Gazan girl was killed;0.8
ks8bdnr;148;worldnews;1b0hgq1;3909;IDF says probe indicates no troops were in area where 6-year-old Gazan girl was killed;0.8
ks80k7y;178;worldnews;1b0hgq1;3909;IDF says probe indicates no troops were in area where 6-year-old Gazan girl was killed;0.8
lzrt38w;117;worldnews;1h3lwr3;2286;IDF strikes World Central Kitchen employee who participated in Oct. 7 attack;0.77
kdi029g;115;worldnews;18j6ozl;12223;IDF troops mistakenly opened fire and killed three hostages during Gaza battles, spokesman says;0.88
kdilvcg;139;worldnews;18j6ozl;12223;IDF troops mistakenly opened fire and killed three hostages during Gaza battles, spokesman says;0.88
kdi5j5j;190;worldnews;18j6ozl;12223;IDF troops mistakenly opened fire and killed three hostages during Gaza battles, spokesman says;0.88
kdiltc4;355;worldnews;18j6ozl;12223;IDF troops mistakenly opened fire and killed three hostages during Gaza battles, spokesman says;0.88
kyh5zaj;165;worldnews;1by1ebd;2752;IDF withdraws advancing troops from the Gaza Strip;0.91
mve8akr;138;worldnews;1l0l2d8;1184;IDF: First 600 days of war saw nearly 30,000 projectiles launched at Israel;0.68
mve2g5x;162;worldnews;1l0l2d8;1184;IDF: First 600 days of war saw nearly 30,000 projectiles launched at Israel;0.68
k8ys2en;192;worldnews;17tggag;3295;IDF: No siege at Shifa Hospital, we�ll help move babies to safety;0.78
nh4rjfn;144;worldnews;1nuucww;3646;If Hamas rejects Trump Gaza plan, Israel will 'finish the job', envoy says;0.92
ls2t7or;134;worldnews;1g4ddi8;27377;In clash with Netanyahu, Macron says Israel PM 'mustn't forget his country created by UN decision';0.87
ls2rijp;237;worldnews;1g4ddi8;27377;In clash with Netanyahu, Macron says Israel PM 'mustn't forget his country created by UN decision';0.87
noahntu;175;worldnews;1ouatfd;6748;In world first, Israel begins pumping desalinated water into depleted Sea of Galilee;0.9
mslrdx6;111;worldnews;1knw9lc;2500;India weighs plan to slash Pakistan water supply with new Indus river project;0.94
mxmccvv;112;worldnews;1lanbm1;11545;Iran launches missiles toward Israel, IDF says;0.93
myvkadb;113;worldnews;1lg7t18;2211;Iranian ballistic missile hits southern Israel day-care;0.79
l53jaxv;205;worldnews;1cxlyae;3058;Ireland to announce recognition of Palestinian state on Wednesday, source says.;0.81
mtpaoyb;101;worldnews;1ksy5na;4914;Israel accuses Europe of 'antisemitic incitement' after Washington shooting;0.86
mtps95l;189;worldnews;1ksy5na;4914;Israel accuses Europe of 'antisemitic incitement' after Washington shooting;0.86
njax72i;112;worldnews;1o5pamt;3885;Israel accuses Hamas of violating deal after group says it's only releasing 4 bodies;0.85
m3at5zh;116;worldnews;1hk1sqx;3681;Israel accuses pope of ignoring Hamas cruelty after he criticizes Gaza airstrikes;0.87
mkzawp3;188;worldnews;1jpgd7u;2427;Israel announces expansion of military operations in Gaza to seize �large areas� of land;0.93
ml30uls;108;worldnews;1jptwzh;8124;Israel announces intention to seize large areas of Gaza Strip in major escalation;0.94
ml2xkdj;134;worldnews;1jptwzh;8124;Israel announces intention to seize large areas of Gaza Strip in major escalation;0.94
ml3l4nm;212;worldnews;1jptwzh;8124;Israel announces intention to seize large areas of Gaza Strip in major escalation;0.94
ml2hwcl;261;worldnews;1jptwzh;8124;Israel announces intention to seize large areas of Gaza Strip in major escalation;0.94
ocat7l6;146;worldnews;1s2t9jw;10832;Israel announces territorial seizure in Lebanon up to Litani River;0.94
ocaouen;220;worldnews;1s2t9jw;10832;Israel announces territorial seizure in Lebanon up to Litani River;0.94
mr1xewv;103;worldnews;1kgsmr3;3499;Israel backs India's 'right to self defence' following Operation Sindoor;0.9
lpzg7gv;110;worldnews;1fud2qm;19184;Israel bars UN secretary general from entering country;0.87
lq02bin;113;worldnews;1fud2qm;19184;Israel bars UN secretary general from entering country;0.87
nw17usu;-104;worldnews;1pw5omy;3235;Israel becomes the first country to recognize the Republic of Somaliland;0.88
n9tqg79;103;worldnews;1mvwfjz;1583;Israel begins attack on Gaza City, calling up to 60,000 reservists;0.88
n9tsbqx;120;worldnews;1mvwfjz;1583;Israel begins attack on Gaza City, calling up to 60,000 reservists;0.88
n9tkk44;197;worldnews;1mvwfjz;1583;Israel begins attack on Gaza City, calling up to 60,000 reservists;0.88
khe28hf;170;worldnews;1942rih;2112;Israel calls SA accusations to ICJ baseless lies, historically hypocritical;0.8
khd7mlc;233;worldnews;1942rih;2112;Israel calls SA accusations to ICJ baseless lies, historically hypocritical;0.8
mo5nk4t;115;worldnews;1k3w81e;2772;Israel cancels visas for French lawmakers;0.94
kpgg9si;133;worldnews;1ally6g;5528;Israel cannot use Oct. 7 as �license to dehumanize others,� Blinken warns in Tel Aviv;0.85
kpgdl8p;138;worldnews;1ally6g;5528;Israel cannot use Oct. 7 as �license to dehumanize others,� Blinken warns in Tel Aviv;0.85
kpg2ggh;140;worldnews;1ally6g;5528;Israel cannot use Oct. 7 as �license to dehumanize others,� Blinken warns in Tel Aviv;0.85
nm1c3cw;323;worldnews;1oj8me8;1219;Israel carries out fresh strike on Gaza and accuses Hamas of preparing 'imminent terror attack';0.81
n5lj9hi;160;worldnews;1mbd9fg;9017;Israel committing genocide in Gaza, say Israel-based human rights groups;0.78
m5dw2jj;237;worldnews;1htio3b;3059;Israel considering limiting humanitarian aid to Gaza after Trump�s inauguration;0.86
kr6yzkr;204;worldnews;1auu1ay;7525;Israel declares Brazil's Lula persona non grata for comparing Gaza war to Holocaust;0.88
kr66m78;748;worldnews;1auu1ay;7525;Israel declares Brazil's Lula persona non grata for comparing Gaza war to Holocaust;0.88
mvb129v;105;worldnews;1l06ae7;4129;Israel delivers over 340 aid trucks to Gaza through Hamas bypass route;0.78
mvd5j6h;174;worldnews;1l06ae7;4129;Israel delivers over 340 aid trucks to Gaza through Hamas bypass route;0.78
n4lv93z;107;worldnews;1m6p9u8;2064;Israel denies Gaza famine claims, says aid is entering Strip but not being distributed;0.86
n4ljvkk;151;worldnews;1m6p9u8;2064;Israel denies Gaza famine claims, says aid is entering Strip but not being distributed;0.86
ni380ar;108;worldnews;1nzjcii;15978;Israel deports Greta Thunberg and 170 other activists to Greece and Slovakia;0.93
ni33n3h;121;worldnews;1nzjcii;15978;Israel deports Greta Thunberg and 170 other activists to Greece and Slovakia;0.93
ni3ricm;142;worldnews;1nzjcii;15978;Israel deports Greta Thunberg and 170 other activists to Greece and Slovakia;0.93
ni339oh;155;worldnews;1nzjcii;15978;Israel deports Greta Thunberg and 170 other activists to Greece and Slovakia;0.93
k9kno3k;112;worldnews;17wu031;1134;Israel drops leaflets warning people to flee southern Gaza towns;0.85
nj7c45v;-165;worldnews;1o54nwa;3526;Israel expects all 20 living hostages to be freed from Gaza on Monday morning;0.93
nj74rz4;109;worldnews;1o54nwa;3526;Israel expects all 20 living hostages to be freed from Gaza on Monday morning;0.93
kvs2jw9;129;worldnews;1bjlnkz;14335;Israel fears 'domino effect' after Canada arms embargo;0.9
kf2jks8;156;worldnews;18roinj;1475;Israel Finance Minister Calls Intel�s $25 Billion Investment �Important and Significant�;0.84
k99zxh8;-100;worldnews;17vdogs;2274;Israel FM: Israel won�t reopen its two Gaza crossings after war;0.89
nei6eg6;102;worldnews;1niak1u;10558;Israel has committed genocide in Gaza, UN commission of inquiry;0.8
nei9i29;110;worldnews;1niak1u;10558;Israel has committed genocide in Gaza, UN commission of inquiry;0.8
neis3nc;156;worldnews;1niak1u;10558;Israel has committed genocide in Gaza, UN commission of inquiry;0.8
neiz4so;158;worldnews;1niak1u;10558;Israel has committed genocide in Gaza, UN commission of inquiry;0.8
nehuwlx;184;worldnews;1niak1u;10558;Israel has committed genocide in Gaza, UN commission of inquiry;0.8
nehp03w;202;worldnews;1niak1u;10558;Israel has committed genocide in Gaza, UN commission of inquiry;0.8
mig677l;172;worldnews;1je3jiv;7610;Israel hits Gaza with 'extensive strikes,' killing over 400 and ending ceasefire;0.92
mifvuzj;187;worldnews;1je3jiv;7610;Israel hits Gaza with 'extensive strikes,' killing over 400 and ending ceasefire;0.92
mifuc87;337;worldnews;1je3jiv;7610;Israel hits Gaza with 'extensive strikes,' killing over 400 and ending ceasefire;0.92
kbmem0y;111;worldnews;188kqsq;7670;Israel informs Arab states it wants buffer zone in post-war Gaza;0.89
kblucmc;305;worldnews;188kqsq;7670;Israel informs Arab states it wants buffer zone in post-war Gaza;0.89
nd73uf0;138;worldnews;1nc65sx;4709;'Israel is not committing genocide in Gaza,' UK government concludes;0.81
nd7xun4;193;worldnews;1nc65sx;4709;'Israel is not committing genocide in Gaza,' UK government concludes;0.81
nd86t2o;222;worldnews;1nc65sx;4709;'Israel is not committing genocide in Gaza,' UK government concludes;0.81
nd73ggj;241;worldnews;1nc65sx;4709;'Israel is not committing genocide in Gaza,' UK government concludes;0.81
oa60kcv;159;worldnews;1rsafsp;1653;Israel is relying on information from Iranians on the ground for strike targets. Security official says tips from civilians helped guide drone strike on Basij checkpoints in Tehran;0.86
oc7r1jp;123;worldnews;1s2fslz;1021;Israel Killed Two Iranian Nuclear Scientists in Past Days: Netanyahu;0.85
oc7zgit;148;worldnews;1s2fslz;1021;Israel Killed Two Iranian Nuclear Scientists in Past Days: Netanyahu;0.85
l2sgzia;320;worldnews;1clax3l;7384;Israel military begins evacuating Palestinian civilians from Rafah, radio says;0.9
l0wg4no;101;worldnews;1cb2gwa;2351;Israel military strikes northern Gaza in heaviest shelling in weeks;0.87
l0vyvu9;192;worldnews;1cb2gwa;2351;Israel military strikes northern Gaza in heaviest shelling in weeks;0.87
mwpcaf9;104;worldnews;1l6c2de;18415;Israel orders military to stop Greta Thunberg�s boat reaching Gaza;0.88
mwpylm5;118;worldnews;1l6c2de;18415;Israel orders military to stop Greta Thunberg�s boat reaching Gaza;0.88
mwnsr7t;125;worldnews;1l6c2de;18415;Israel orders military to stop Greta Thunberg�s boat reaching Gaza;0.88
mwnsh61;131;worldnews;1l6c2de;18415;Israel orders military to stop Greta Thunberg�s boat reaching Gaza;0.88
mwnr80h;143;worldnews;1l6c2de;18415;Israel orders military to stop Greta Thunberg�s boat reaching Gaza;0.88
mwp69o5;188;worldnews;1l6c2de;18415;Israel orders military to stop Greta Thunberg�s boat reaching Gaza;0.88
nhig5dc;104;worldnews;1nwrtz2;5227;Israel orders Palestinians to leave Gaza City, saying those who stay will be considered militants;0.93
nhi5nlw;107;worldnews;1nwrtz2;5227;Israel orders Palestinians to leave Gaza City, saying those who stay will be considered militants;0.93
nhi9k9d;114;worldnews;1nwrtz2;5227;Israel orders Palestinians to leave Gaza City, saying those who stay will be considered militants;0.93
nh9w2ov;122;worldnews;1nvkfu4;2139;Israel orders Palestinians to leave Gaza City, saying those who stay will be considered militants;0.9
nhbodsc;147;worldnews;1nvkfu4;2139;Israel orders Palestinians to leave Gaza City, saying those who stay will be considered militants;0.9
nhiivfy;166;worldnews;1nwrtz2;5227;Israel orders Palestinians to leave Gaza City, saying those who stay will be considered militants;0.93
nh9ov6k;176;worldnews;1nvkfu4;2139;Israel orders Palestinians to leave Gaza City, saying those who stay will be considered militants;0.9
l3l6mrt;119;worldnews;1cpfny5;1938;Israel orders people in more areas of Gaza's Rafah to evacuate;0.91
l3kxhvq;141;worldnews;1cpfny5;1938;Israel orders people in more areas of Gaza's Rafah to evacuate;0.91
l3kvu59;175;worldnews;1cpfny5;1938;Israel orders people in more areas of Gaza's Rafah to evacuate;0.91
l3keda0;217;worldnews;1cpfny5;1938;Israel orders people in more areas of Gaza's Rafah to evacuate;0.91
n8l4y1c;129;worldnews;1mpoomw;2807;Israel pounds Gaza City, 123 dead in last 24 hours;0.86
mubr70t;112;worldnews;1kvm59e;1482;Israel raises alert for travellers to Canada, warning of �increased threat�;0.86
muanr8s;262;worldnews;1kvm59e;1482;Israel raises alert for travellers to Canada, warning of �increased threat�;0.86
o1x4z2e;125;worldnews;1qnh0ru;11204;Israel recovers body of last hostage in Gaza;0.83
o1tol9l;127;worldnews;1qnh0ru;11204;Israel recovers body of last hostage in Gaza;0.83
o1x58gn;181;worldnews;1qnh0ru;11204;Israel recovers body of last hostage in Gaza;0.83
o1uqo9w;219;worldnews;1qnh0ru;11204;Israel recovers body of last hostage in Gaza;0.83
o1uu4vl;349;worldnews;1qnh0ru;11204;Israel recovers body of last hostage in Gaza;0.83
khid2k4;166;worldnews;194s4mm;3662;Israel rejects genocide accusations at World Court;0.83
khi5fq3;295;worldnews;194s4mm;3662;Israel rejects genocide accusations at World Court;0.83
khi0orv;430;worldnews;194s4mm;3662;Israel rejects genocide accusations at World Court;0.83
nj8k3bw;173;worldnews;1o5bkvg;4024;Israel says Hamas hands over the first seven hostages to the Red Cross as part of the Gaza ceasefire;0.96
lf9deci;103;worldnews;1edppur;8942;Israel says Hezbollah rocket kills 11 at football ground, vows response;0.87
msshify;136;worldnews;1koq8t4;1453;Israel Says It Has Begun Mobilizing for a New Gaza Advance;0.9
lp2w9zf;130;worldnews;1fq3o9g;3247;Israel says it has secured $8.7 billion U.S. aid package;0.82
lp2c9ut;166;worldnews;1fq3o9g;3247;Israel says it has secured $8.7 billion U.S. aid package;0.82
o8eyxpd;123;worldnews;1rjqk39;5787;Israel sends troops into southern Lebanon as Hezbollah says it is ready for open war;0.97
k8xz9gv;102;worldnews;17tm6wh;4531;Israel signs landmark deal to sell David�s Sling air defense system to Finland;0.91
myltapl;240;worldnews;1lf6f4c;5350;Israel strikes inactive nuclear reactor in Iran;0.96
kh7moc8;265;worldnews;19399f6;2652;Israel taps top legal minds, including a Holocaust survivor, to battle genocide claim at world court;0.83
mw71yej;109;worldnews;1l490i9;2772;Israel to block Greta Thunberg�s flotilla bringing aid to Gaza;0.87
mw7sm0m;153;worldnews;1l490i9;2772;Israel to block Greta Thunberg�s flotilla bringing aid to Gaza;0.87
mw7i0dq;314;worldnews;1l490i9;2772;Israel to block Greta Thunberg�s flotilla bringing aid to Gaza;0.87
m26hkmd;166;worldnews;1hes5m7;3939;Israel to close Ireland embassy, open up one in Moldova;0.92
m266noo;349;worldnews;1hes5m7;3939;Israel to close Ireland embassy, open up one in Moldova;0.92
l0limqr;104;worldnews;1c9ffmy;4826;Israel to summon ambassadors of 6 countries that voted for Palestinian UN membership;0.9
lsuwwd5;-104;worldnews;1g81j8z;2664;Israel to take legal action against Macron over naval trade show ban;0.88
lsv8uhk;126;worldnews;1g81j8z;2664;Israel to take legal action against Macron over naval trade show ban;0.88
kfxc05v;161;worldnews;18wcfkw;3689;Israel wants UNRWA out of Gaza;0.86
l5dfjc0;210;worldnews;1cz0ez8;12667;Israel Warns Of 'Serious Consequences'�For Ties With Ireland, Norway And Spain For Recognising Palestinian State;0.89
l5dk093;474;worldnews;1cz0ez8;12667;Israel Warns Of 'Serious Consequences'�For Ties With Ireland, Norway And Spain For Recognising Palestinian State;0.89
l57irqm;139;worldnews;1cy55e2;8029;Israel will not transfer much-needed funds to the Palestinian Authority in the wake of the decision by three European countries to recognize a Palestinian state;0.89
l57noou;165;worldnews;1cy55e2;8029;Israel will not transfer much-needed funds to the Palestinian Authority in the wake of the decision by three European countries to recognize a Palestinian state;0.89
l57zfbp;173;worldnews;1cy55e2;8029;Israel will not transfer much-needed funds to the Palestinian Authority in the wake of the decision by three European countries to recognize a Palestinian state;0.89
kyxlfv7;125;worldnews;1c0l0yc;2187;Israel would let 150,000 Gazans return north in potential truce, officials say;0.9
kf30h84;106;worldnews;18roxis;6238;Israel: We won�t work with UN officials who regurgitate Hamas propaganda;0.8
kf2h4ts;134;worldnews;18roxis;6238;Israel: We won�t work with UN officials who regurgitate Hamas propaganda;0.8
kf2h1vt;239;worldnews;18roxis;6238;Israel: We won�t work with UN officials who regurgitate Hamas propaganda;0.8
mxqn8n5;107;worldnews;1lb5o39;9468;Israel�s defense minister warns �Tehran will burn� if Iran continues firing missiles;0.92
mxq87dg;109;worldnews;1lb5o39;9468;Israel�s defense minister warns �Tehran will burn� if Iran continues firing missiles;0.92
mxqtkvj;120;worldnews;1lb5o39;9468;Israel�s defense minister warns �Tehran will burn� if Iran continues firing missiles;0.92
mxpyw9p;181;worldnews;1lb5o39;9468;Israel�s defense minister warns �Tehran will burn� if Iran continues firing missiles;0.92
l61fw81;146;worldnews;1d2l09c;2977;Israeli army says it used small munitions in Rafah airstrike, and fire was caused by secondary blast;0.82
l61gyh4;185;worldnews;1d2l09c;2977;Israeli army says it used small munitions in Rafah airstrike, and fire was caused by secondary blast;0.82
l615euj;310;worldnews;1d2l09c;2977;Israeli army says it used small munitions in Rafah airstrike, and fire was caused by secondary blast;0.82
n4pbe4j;117;worldnews;1m751ky;9092;Israeli cruise ship turned away from Greek island by Gaza war protest | Tourists greeted on Syros by banner saying Stop the Genocide and prevented from disembarking;0.91
n4p7gcf;121;worldnews;1m751ky;9092;Israeli cruise ship turned away from Greek island by Gaza war protest | Tourists greeted on Syros by banner saying Stop the Genocide and prevented from disembarking;0.91
n4p99x1;135;worldnews;1m751ky;9092;Israeli cruise ship turned away from Greek island by Gaza war protest | Tourists greeted on Syros by banner saying Stop the Genocide and prevented from disembarking;0.91
n0cuz6l;101;worldnews;1ln2o25;22286;Israeli embassy 'deeply disturbed' by 'death to the IDF' Glastonbury chant;0.85
n0cw8y2;102;worldnews;1ln2o25;22286;Israeli embassy 'deeply disturbed' by 'death to the IDF' Glastonbury chant;0.85
n0ddegl;116;worldnews;1ln2o25;22286;Israeli embassy 'deeply disturbed' by 'death to the IDF' Glastonbury chant;0.85
n0cg3c1;153;worldnews;1ln2o25;22286;Israeli embassy 'deeply disturbed' by 'death to the IDF' Glastonbury chant;0.85
n0c9bzb;270;worldnews;1ln2o25;22286;Israeli embassy 'deeply disturbed' by 'death to the IDF' Glastonbury chant;0.85
kccb7b2;121;worldnews;18cjjqp;1081;Israeli FM accuses UN head of backing Hamas after he uses rare clause to urge truce;0.83
l609cp5;110;worldnews;1d2elc7;3759;Israeli forces press Rafah offensive despite global outcry;0.9
l607yqv;112;worldnews;1d2elc7;3759;Israeli forces press Rafah offensive despite global outcry;0.9
l60d09j;144;worldnews;1d2elc7;3759;Israeli forces press Rafah offensive despite global outcry;0.9
kbwol8n;117;worldnews;18a15ou;3655;Israeli forces reported to be pushing into southern Gaza;0.91
l5sbvwo;183;worldnews;1d18n2y;2013;Israeli Knesset to vote on declaring UNRWA a terrorist organization;0.84
kf1gt7b;223;worldnews;18rj1w0;2072;Israeli military says Gaza ground offensive has expanded into urban refugee camps;0.85
kf16xkh;102;worldnews;18rgwa8;1551;"Israeli MK and former UN ambassador Danny Danon says countries in South America, Africa offered to accept refugees from Gaza, in exchange for payment - ""Even if each country receives ten thousand, twenty thousand Gazans, this is significant""";0.84
l5148v3;123;worldnews;1cx7lds;5406;Israeli officials seize AP equipment and take down live shot of northern Gaza, citing new media law;0.91
l512d4q;129;worldnews;1cx7lds;5406;Israeli officials seize AP equipment and take down live shot of northern Gaza, citing new media law;0.91
l50r217;170;worldnews;1cx7lds;5406;Israeli officials seize AP equipment and take down live shot of northern Gaza, citing new media law;0.91
l50zvs6;533;worldnews;1cx7lds;5406;Israeli officials seize AP equipment and take down live shot of northern Gaza, citing new media law;0.91
keyjhw3;108;worldnews;18r0jlh;6548;Israeli PM: For peace, Hamas must be crushed, Gaza demilitarized, Palestinians deradicalized;0.8
keyv89y;115;worldnews;18r0jlh;6548;Israeli PM: For peace, Hamas must be crushed, Gaza demilitarized, Palestinians deradicalized;0.8
keyj7od;158;worldnews;18r0jlh;6548;Israeli PM: For peace, Hamas must be crushed, Gaza demilitarized, Palestinians deradicalized;0.8
l3v5gft;-106;worldnews;1cqzw6i;1877;Israeli protesters vandalize aid trucks headed for Gaza through West Bank - report;0.81
oby9fw0;110;worldnews;1s144jn;6095;Israeli soldiers torture one-year-old Gaza child to force confessions from his father;0.7
my9rlwh;106;worldnews;1ldkaxn;17851;Israeli tank fire kills 51 people in Gaza crowd trying to get food;0.82
my8t3dn;109;worldnews;1ldkaxn;17851;Israeli tank fire kills 51 people in Gaza crowd trying to get food;0.82
my8uk6l;114;worldnews;1ldkaxn;17851;Israeli tank fire kills 51 people in Gaza crowd trying to get food;0.82
my9o9ix;116;worldnews;1ldkaxn;17851;Israeli tank fire kills 51 people in Gaza crowd trying to get food;0.82
my97civ;149;worldnews;1ldkaxn;17851;Israeli tank fire kills 51 people in Gaza crowd trying to get food;0.82
my92g0x;173;worldnews;1ldkaxn;17851;Israeli tank fire kills 51 people in Gaza crowd trying to get food;0.82
my8tqxb;203;worldnews;1ldkaxn;17851;Israeli tank fire kills 51 people in Gaza crowd trying to get food;0.82
n4oaxgf;122;worldnews;1m72a6j;11941;Israeli teens chased, beaten in Rhodes by knife-wielding pro-Palestinian mob;0.65
n4oa7ub;194;worldnews;1m72a6j;11941;Israeli teens chased, beaten in Rhodes by knife-wielding pro-Palestinian mob;0.65
lt20tqr;116;worldnews;1g8tc9z;3228;Israeli troops demolish UN observation tower in south Lebanon;0.88
lr8jtq1;134;worldnews;1g0gj6w;7103;Israeli troops fire at 3 UNIFIL positions in southern Lebanon, U.N. source says;0.86
lr9benh;135;worldnews;1g0gj6w;7103;Israeli troops fire at 3 UNIFIL positions in southern Lebanon, U.N. source says;0.86
lr8j1a6;143;worldnews;1g0gj6w;7103;Israeli troops fire at 3 UNIFIL positions in southern Lebanon, U.N. source says;0.86
lr8zxzo;161;worldnews;1g0gj6w;7103;Israeli troops fire at 3 UNIFIL positions in southern Lebanon, U.N. source says;0.86
lr8pd72;195;worldnews;1g0gj6w;7103;Israeli troops fire at 3 UNIFIL positions in southern Lebanon, U.N. source says;0.86
lr8iogx;252;worldnews;1g0gj6w;7103;Israeli troops fire at 3 UNIFIL positions in southern Lebanon, U.N. source says;0.86
lr96f2c;333;worldnews;1g0gj6w;7103;Israeli troops fire at 3 UNIFIL positions in southern Lebanon, U.N. source says;0.86
lr8n62j;374;worldnews;1g0gj6w;7103;Israeli troops fire at 3 UNIFIL positions in southern Lebanon, U.N. source says;0.86
lpzf1ey;178;worldnews;1fuh19q;7318;Israeli Troops Killed in Hezbullah Ambush in Lebanon;0.94
nmfjn0m;116;worldnews;1ol24xy;2321;Israel's military prosecutor admits she leaked video of soldiers assaulting a Palestinian detainee;0.9
kfgvwgr;121;worldnews;18tvfxn;1737;Israel's military says it used the wrong bombs in strike on a Gaza refugee center that killed at least 86 people;0.81
k9qrhut;114;worldnews;17xvg38;5042;Israel's right to self-defence must 'not be called into question': Germany's Scholz;0.76
k9q8g0x;175;worldnews;17xvg38;5042;Israel's right to self-defence must 'not be called into question': Germany's Scholz;0.76
lrbutnl;142;worldnews;1g0syo3;1480;Italian PM Meloni calls Israel's attack on UNIFIL bases in Lebanon 'unacceptable', summons ambassador;0.81
mxwntmf;134;worldnews;1lbz3ex;14571;Japan condemns Israel's attack on Iran for 'escalating situation';0.91
nhxxwg9;226;worldnews;1nyr0nc;10903;"Jerusalem denies abuse of Thunberg, others arrested aboard Hamas flotilla � ""Interestingly enough, Greta herself and other detainees refused to expedite their deportation and insisted on prolonging their stay in custody,"" said Israel's Foreign Ministry.";0.83
nhwwqzr;271;worldnews;1nyr0nc;10903;"Jerusalem denies abuse of Thunberg, others arrested aboard Hamas flotilla � ""Interestingly enough, Greta herself and other detainees refused to expedite their deportation and insisted on prolonging their stay in custody,"" said Israel's Foreign Ministry.";0.83
nhwsf90;294;worldnews;1nyr0nc;10903;"Jerusalem denies abuse of Thunberg, others arrested aboard Hamas flotilla � ""Interestingly enough, Greta herself and other detainees refused to expedite their deportation and insisted on prolonging their stay in custody,"" said Israel's Foreign Ministry.";0.83
muwbsvr;-144;worldnews;1kydh8w;1521;Jordanian envoy, who has said Israel at war with 'people of Gaza,' elected to UN high court;0.86
lpz3yzx;128;worldnews;1fuewgj;9752;Kamala Harris Breaks Silence On Missile Attack On Israel: 'Iran Is Dangerous Force In Middle East';0.87
lxhcugs;107;worldnews;1gspslz;11282;Kremlin-occupied Ukraine is now a totalitarian hell;0.95
lqsvn53;158;worldnews;1fy6x1y;8424;London�s Underground covered with maps of Hamas 'rape tunnels' in Gaza;0.78
n4yiu7o;102;worldnews;1m8ds0a;51175;Macron announces: France will recognize Palestinian state;0.84
mxmidb7;103;worldnews;1lahgc5;3798;Macron says Israel has the 'right to defend itself';0.83
mxko57s;238;worldnews;1lahgc5;3798;Macron says Israel has the 'right to defend itself';0.83
ms8zq56;106;worldnews;1km9tt8;6695;Macron: What Netanyahu is doing in Gaza is 'unacceptable' and 'shameful';0.91
lcv0lis;213;worldnews;1e1mg80;1875;Many in Gaza City Ignore Israeli Military�s Calls to Evacuate;0.86
nbwmyj2;-106;worldnews;1n5zysn;1874;Media blackout: Over 200 media outlets across globe join mass editorial protest against Israel;0.8
nbwrfac;237;worldnews;1n5zysn;1874;Media blackout: Over 200 media outlets across globe join mass editorial protest against Israel;0.8
nbwjfan;363;worldnews;1n5zysn;1874;Media blackout: Over 200 media outlets across globe join mass editorial protest against Israel;0.8
nn1didc;191;worldnews;1oo3jjx;6483;Merz Says Syrian Refugees in Germany Must Go Home;0.96
lhhtqzq;104;worldnews;1ep16yb;1469;MFA: Israel can no longer trust Norway as a partner on the Palestinian issue ;0.8
myky2au;163;worldnews;1lf24l3;14801;Missile salvo from Iran slams into Israel, hospital takes direct hit;0.89
mykwlzv;215;worldnews;1lf24l3;14801;Missile salvo from Iran slams into Israel, hospital takes direct hit;0.89
n410kfq;-124;worldnews;1m3ygra;13561;More than 30 killed after Israeli forces open fire on people seeking food in Gaza, health ministry says;0.82
n409n5u;112;worldnews;1m3ygra;13561;More than 30 killed after Israeli forces open fire on people seeking food in Gaza, health ministry says;0.82
n40c20c;159;worldnews;1m3ygra;13561;More than 30 killed after Israeli forces open fire on people seeking food in Gaza, health ministry says;0.82
n40evki;205;worldnews;1m3ygra;13561;More than 30 killed after Israeli forces open fire on people seeking food in Gaza, health ministry says;0.82
lfsh4c2;109;worldnews;1egim9m;5619;Nagasaki mayor says Israel not invited to A-bomb peace ceremony;0.89
lfsd5mr;268;worldnews;1egim9m;5619;Nagasaki mayor says Israel not invited to A-bomb peace ceremony;0.89
l1eppvw;107;worldnews;1cdvzzw;2483;NBC News investigation reveals Israel strikes on Gaza areas it said were safe;0.78
ngcsjy4;150;worldnews;1nr874p;1515;"Netanyahu blasts 'shameful' recognition of Palestinian state; U.N. delegates walk out to protest speech";0.89
ncbmlsx;121;worldnews;1n80oij;1621;Netanyahu blocks Macron�s surprise Israel visit over Palestinian state push;0.91
lqiew5u;102;worldnews;1fwy8g3;12781;Netanyahu denounces Macron over calls to stop arms deliveries to Israel;0.89
lqiadxs;126;worldnews;1fwy8g3;12781;Netanyahu denounces Macron over calls to stop arms deliveries to Israel;0.89
lqihe65;128;worldnews;1fwy8g3;12781;Netanyahu denounces Macron over calls to stop arms deliveries to Israel;0.89
lqidhrr;251;worldnews;1fwy8g3;12781;Netanyahu denounces Macron over calls to stop arms deliveries to Israel;0.89
kvc79sd;111;worldnews;1bgxp3z;7315;Netanyahu rails against US criticism and says Israel won't stop until 'total victory' is achieved;0.91
kfrvcwd;109;worldnews;18vkouh;3669;Netanyahu rejects claims accusing Israel of genocide in Gaza;0.86
kfrypw7;132;worldnews;18vkouh;3669;Netanyahu rejects claims accusing Israel of genocide in Gaza;0.86
kqntdwp;125;worldnews;1as398p;1103;Netanyahu rejects unilateral Palestinian statehood after Biden call;0.86
kqnvht6;127;worldnews;1as398p;1103;Netanyahu rejects unilateral Palestinian statehood after Biden call;0.86
kubjlgl;106;worldnews;1bbpad2;3882;Netanyahu says at least 13,000 'terrorists' among Palestinians killed;0.82
kuaxbsq;138;worldnews;1bbpad2;3882;Netanyahu says at least 13,000 'terrorists' among Palestinians killed;0.82
kuawmz7;146;worldnews;1bbpad2;3882;Netanyahu says at least 13,000 'terrorists' among Palestinians killed;0.82
kuarvub;151;worldnews;1bbpad2;3882;Netanyahu says at least 13,000 'terrorists' among Palestinians killed;0.82
kuatlbo;358;worldnews;1bbpad2;3882;Netanyahu says at least 13,000 'terrorists' among Palestinians killed;0.82
kigrpac;105;worldnews;199vthf;14550;Netanyahu says he has told U.S. that he opposes Palestinian state in any scenario after Israel-Hamas war;0.9
kigsa34;109;worldnews;199vthf;14550;Netanyahu says he has told U.S. that he opposes Palestinian state in any scenario after Israel-Hamas war;0.9
ms5bbij;139;worldnews;1klutuf;1768;Netanyahu says there is �no way� Israel halts the war in Gaza until Hamas is defeated;0.92
lp8bdn1;238;worldnews;1fqq6e7;2031;Netanyahu tells UN: Israel seeks peace but 'enough is enough';0.83
leschco;105;worldnews;1ebb24j;3007;"Netanyahu thanks U.S. for support during ""crossroads of history,"" calls protesters ""useful idiots""";0.83
les4bwb;131;worldnews;1ebb24j;3007;"Netanyahu thanks U.S. for support during ""crossroads of history,"" calls protesters ""useful idiots""";0.83
ky3rimp;-105;worldnews;1bw3z8a;2941;Netanyahu warns �we�ll harm those who harm us� as Israel braces for Iranian response;0.9
n831pr9;118;worldnews;1mn8507;24522;Netanyahu: �If we wanted to commit genocide, it would have taken exactly one afternoon�;0.89
n8371ml;136;worldnews;1mn8507;24522;Netanyahu: �If we wanted to commit genocide, it would have taken exactly one afternoon�;0.89
n830xtm;145;worldnews;1mn8507;24522;Netanyahu: �If we wanted to commit genocide, it would have taken exactly one afternoon�;0.89
n7hzdib;130;worldnews;1mkdidb;2169;Netanyahu: Israel intends to capture all of Gaza, hand it over to non-PA �Arab forces�;0.91
kqz630c;103;worldnews;1atq8ov;6260;Netanyahu: Those telling us not to enter Rafah are essentially saying �lose the war�;0.83
kr07g1n;118;worldnews;1atq8ov;6260;Netanyahu: Those telling us not to enter Rafah are essentially saying �lose the war�;0.83
kqz48ym;501;worldnews;1atq8ov;6260;Netanyahu: Those telling us not to enter Rafah are essentially saying �lose the war�;0.83
kqyzry5;591;worldnews;1atq8ov;6260;Netanyahu: Those telling us not to enter Rafah are essentially saying �lose the war�;0.83
nahl2t9;-105;worldnews;1mz8o6f;1573;Netherlands: MPs vote not to take steps against Israel or recognize Palestine;0.89
nahg7gb;274;worldnews;1mz8o6f;1573;Netherlands: MPs vote not to take steps against Israel or recognize Palestine;0.89
lagwbum;147;worldnews;1dph7gl;3944;New German Citizenship Law Requires Applicants to Declare Israel's 'Right to Exist';0.82
lwm5gak;166;worldnews;1gowuxo;5010;New Israel FM says Palestinian state not 'realistic';0.88
lwm49ge;210;worldnews;1gowuxo;5010;New Israel FM says Palestinian state not 'realistic';0.88
mw7qcau;105;worldnews;1l46uhj;9028;New recordings reveal Hamas fired on Gaza aid hub to steal supplies;0.77
msm806p;108;worldnews;1knzcuw;6434;No evidence of genocide in Gaza, UK lawyers say in arms export case | Arms trade;0.78
msm5wm3;260;worldnews;1knzcuw;6434;No evidence of genocide in Gaza, UK lawyers say in arms export case | Arms trade;0.78
msm41dg;530;worldnews;1knzcuw;6434;No evidence of genocide in Gaza, UK lawyers say in arms export case | Arms trade;0.78
l557kcw;159;worldnews;1cxtz03;20476;Norway�s prime minister says Norway is formally recognizing Palestine as a state;0.82
l54ys6d;184;worldnews;1cxtz03;20476;Norway�s prime minister says Norway is formally recognizing Palestine as a state;0.82
l55d2nc;185;worldnews;1cxtz03;20476;Norway�s prime minister says Norway is formally recognizing Palestine as a state;0.82
l558f67;373;worldnews;1cxtz03;20476;Norway�s prime minister says Norway is formally recognizing Palestine as a state;0.82
n5yu5z4;104;worldnews;1md1w1y;3256;'NYT' amends Gaza starvation story featuring child, which had omitted his prior medical condition;0.74
njqvzxv;125;worldnews;1o7rb9d;11261;Palestinian bodies returned by Israel show signs of torture and execution, say doctors;0.81
njrbmu9;168;worldnews;1o7rb9d;11261;Palestinian bodies returned by Israel show signs of torture and execution, say doctors;0.81
njq0q3h;328;worldnews;1o7rb9d;11261;Palestinian bodies returned by Israel show signs of torture and execution, say doctors;0.81
njpvpa7;460;worldnews;1o7rb9d;11261;Palestinian bodies returned by Israel show signs of torture and execution, say doctors;0.81
njpqmfi;691;worldnews;1o7rb9d;11261;Palestinian bodies returned by Israel show signs of torture and execution, say doctors;0.81
kv0rt11;109;worldnews;1bfhl6e;10590;Palestinian gunmen, not Israeli forces, behind Gaza aid convoy deaths, IDF finds;0.66
kv0lak1;202;worldnews;1bfhl6e;10590;Palestinian gunmen, not Israeli forces, behind Gaza aid convoy deaths, IDF finds;0.66
kvqs500;477;worldnews;1bjfxdm;11792;Palestinians demolish Jewish archaeological site in West Bank;0.72
kbj1d12;104;worldnews;1887107;2429;Palestinians say IDF drops flyers in Khan Younis telling residents to move out;0.9
lvsu6he;115;worldnews;1glawqa;8488;Palestinians will not be allowed to return to homes in northern Gaza, says IDF;0.91
lvt22ab;130;worldnews;1glawqa;8488;Palestinians will not be allowed to return to homes in northern Gaza, says IDF;0.91
lvsyrms;151;worldnews;1glawqa;8488;Palestinians will not be allowed to return to homes in northern Gaza, says IDF;0.91
l54ktsj;118;worldnews;1cxpo9l;8791;Pentagon says none of the aid unloaded from US pier off coast of Gaza has been delivered to broader Palestinian population | CNN Politics;0.95
n7fstd3;138;worldnews;1mjx0u9;12817;Picture agencies drop Gaza photographer after documentary reveals hunger images were staged;0.68
n7eh8h0;178;worldnews;1mjx0u9;12817;Picture agencies drop Gaza photographer after documentary reveals hunger images were staged;0.68
n7ei1g7;232;worldnews;1mjx0u9;12817;Picture agencies drop Gaza photographer after documentary reveals hunger images were staged;0.68
lr1gr1d;114;worldnews;1fzh7qn;2641;Pierre Poilievre says Israel preventing Iran from getting nuclear weapons would be a �gift� to humanity;0.89
kpp1ovo;123;worldnews;1amu844;1225;PM says IDF must operate in Rafah, but will let civilians evacuate first;0.88
n7wpoul;318;worldnews;1mmcp0a;2721;Police arrest 474 people at protest over Palestine Action ban in London;0.92
lqslwt7;625;worldnews;1fyaft5;5905;Polish artist sparks outrage after equating Israel with Nazis at Auschwitz;0.87
nb0gd1f;209;worldnews;1n1q23v;4565;Pope demands �collective punishment� end in Gaza as 10 more die of hunger;0.88
n3zzfvb;122;worldnews;1m3rzan;22422;"Pope Leo On Gaza: ""It Is Time To Stop This Slaughter""";0.9
n3yxi9f;153;worldnews;1m3rzan;22422;"Pope Leo On Gaza: ""It Is Time To Stop This Slaughter""";0.9
link94f;117;worldnews;1eurz7l;4251;Power outage in Lebanon: The last operational power plant shuts down - report;0.97
n7zaunx;-114;worldnews;1mmpjtl;1348;Pro-Israel protest sees hundreds march through central London;0.73
o47jdus;123;worldnews;1qz07ay;2664;Pro-Palestine slogans to be banned in nation-first move;0.72
o47fpyv;136;worldnews;1qz07ay;2664;Pro-Palestine slogans to be banned in nation-first move;0.72
o47eqya;546;worldnews;1qz07ay;2664;Pro-Palestine slogans to be banned in nation-first move;0.72
kal9f1m;175;worldnews;182thwj;10462;Red Cross in Gaza says Israeli hostages delivered to them;0.94
mkn1148;127;worldnews;1jntwvx;1264;Red Cross outraged over killing of eight medics in Gaza;0.83
mkn2vg7;182;worldnews;1jntwvx;1264;Red Cross outraged over killing of eight medics in Gaza;0.83
kcdbllr;136;worldnews;18cuymw;6657;Reuters journalist Issam Abdallah killed by Israeli tank, investigation finds;0.87
kcdvt4o;141;worldnews;18cuymw;6657;Reuters journalist Issam Abdallah killed by Israeli tank, investigation finds;0.87
nb7afag;247;worldnews;1n2ni16;6735;Reuters stopped sharing Gaza locations with Israel after 'so many journalists' killed by IDF;0.9
kemci8l;103;worldnews;18p5o2w;16033;Russia stole nearly 8 million tons of harvest in occupied Ukraine;0.93
ngdy42y;105;worldnews;1nrd6ga;3388;Senior Hamas official defends �high price� of Oct 7 for Palestinians, saying attack created �golden moment�;0.87
kzrem16;-107;worldnews;1c4vag3;1267;Settlers reportedly shoot dead two Palestinians in northern West Bank;0.77
mznjr7p;106;worldnews;1ljxib5;2230;Seven IDF soldiers killed in Khan Yunis explosion;0.9
neclc4l;111;worldnews;1nhlwdf;16678;Spain calls for Israel, Russia to be banned from international sports competitions;0.92
necm3n8;114;worldnews;1nhlwdf;16678;Spain calls for Israel, Russia to be banned from international sports competitions;0.92
l4f5lje;105;worldnews;1ctpuby;1990;Spain denies port of call to ship carrying arms to Israel;0.9
o9zy8ee;147;worldnews;1rri6an;3838;Spain permanently withdraws ambassador as rift with Israel deepens;0.92
n02m9nl;129;worldnews;1llsb61;7128;Spain PM accuses Israel of genocide in Gaza;0.85
n023uga;166;worldnews;1llsb61;7128;Spain PM accuses Israel of genocide in Gaza;0.85
kxofb6x;129;worldnews;1btu7p8;6056;Spain to recognize Palestinian statehood by July, leader says -reports;0.83
nd2ctwi;101;worldnews;1nbjb8i;4898;Spain�s PM announces total arms embargo on Israel and labels attacks on Palestinians �genocide�;0.89
l5ghk91;103;worldnews;1czgp4x;2947;Spanish Deputy Prime Minister declares that 'Palestine will be free'', uses 'From the river to the sea' antisemitic slogan - EJP;0.62
l5gczid;209;worldnews;1czgp4x;2947;Spanish Deputy Prime Minister declares that 'Palestine will be free'', uses 'From the river to the sea' antisemitic slogan - EJP;0.62
l5g5mc8;355;worldnews;1czgp4x;2947;Spanish Deputy Prime Minister declares that 'Palestine will be free'', uses 'From the river to the sea' antisemitic slogan - EJP;0.62
msngio1;148;worldnews;1ko4ez8;5361;Spanish premier calls Israel 'genocidal state,' says Spain 'does not do business' with it;0.88
lgfaen4;123;worldnews;1ejp95z;21739;'Stop bulls****ing me': Biden scolds Netanyahu in hostage deal talk - report;0.87
mtb1ey9;113;worldnews;1kr6i1e;1645;Sweden calls for EU sanctions targeting 'individual Israeli ministers';0.87
n67ba72;182;worldnews;1me2q5v;1873;Sweden urges EU to suspend trade ties with Israel over Gaza;0.84
o3mkhxz;182;worldnews;1qw54ch;1005;Sydney teenager, 19, charged over alleged threats to kill Israeli president;0.9
mtkv9dk;107;worldnews;1ksbzob;1306;Talks to start on recognition of state of Palestine by western states;0.79
mtkolka;107;worldnews;1ksbzob;1306;Talks to start on recognition of state of Palestine by western states;0.79
mtkmete;124;worldnews;1ksbzob;1306;Talks to start on recognition of state of Palestine by western states;0.79
m4dxupm;189;worldnews;1hp0fda;9987;Teens forced to perform sexual acts on each other: Report to UN details Hamas torture;0.84
nflm117;105;worldnews;1nnkazw;1414;Terrorist group Hamas publicly executes three men in Gaza as Prime Minister Anthony Albanese recognises Palestinian statehood;0.64
nflp57q;162;worldnews;1nnkazw;1414;Terrorist group Hamas publicly executes three men in Gaza as Prime Minister Anthony Albanese recognises Palestinian statehood;0.64
lltcoqi;170;worldnews;1faitr5;1360;The White House on Friday requested Israel investigate the death of an American woman in the occupied West Bank.;0.88
nfryzs2;105;worldnews;1nojabx;2271;There will be no Palestinian State Netanyahu's big warning to UK Canada Australia after Palestine recognition;0.91
n7zfk1j;145;worldnews;1mmp8xb;1773;Thousands rally in Tel Aviv against Netanyahu�s new Gaza plan, demand release of hostages;0.9
ker14dq;170;worldnews;18puth6;2756;Thousands rally in Tel Aviv in protest against Israeli government;0.86
mxul20e;118;worldnews;1lbp0mx;2763;Three killed, at least 100 wounded in two direct hits in central Israel;0.92
mxug8ax;145;worldnews;1lbp0mx;2763;Three killed, at least 100 wounded in two direct hits in central Israel;0.92
nbbngl0;117;worldnews;1n374hw;5135;Turkey completely severs economic ties, closes airspace to Israel;0.95
ksq0bns;102;worldnews;1b33mru;3137;Two Israelis murdered in terror shooting, IDF launches manhunt;0.75
lgwodve;118;worldnews;1em5w6x;3009;U.K., U.S. ambassadors to skip Nagasaki peace ceremony as the city did not invite Israel;0.86
ls1epau;103;worldnews;1g44yj1;14939;U.N. peacekeepers in Lebanon will not give in to Israeli demand to 'get out of harm's way';0.89
ls11hq6;108;worldnews;1g44yj1;14939;U.N. peacekeepers in Lebanon will not give in to Israeli demand to 'get out of harm's way';0.89
ls32ppv;119;worldnews;1g44yj1;14939;U.N. peacekeepers in Lebanon will not give in to Israeli demand to 'get out of harm's way';0.89
ls0yt6s;137;worldnews;1g44yj1;14939;U.N. peacekeepers in Lebanon will not give in to Israeli demand to 'get out of harm's way';0.89
ls1hc2v;209;worldnews;1g44yj1;14939;U.N. peacekeepers in Lebanon will not give in to Israeli demand to 'get out of harm's way';0.89
mxf4fjh;136;worldnews;1l9rl41;6004;U.S. fears Iran's response to Israeli strike would be mass casualty event;0.96
ks1cqfi;137;worldnews;1azc36m;4185;"U.S. officials warn: Gaza ""is turning into Mogadishu""";0.91
ncj2f70;111;worldnews;1n8u2uz;1178;UAE warns Israel: Annexing West Bank is a �red line' that would 'end regional integration';0.9
nciafly;122;worldnews;1n8u2uz;1178;UAE warns Israel: Annexing West Bank is a �red line' that would 'end regional integration';0.9
mtebjuu;117;worldnews;1krg8no;4372;UK suspends free trade talks with Israel, announces sanctions over West Bank settlers;0.94
ne8gjko;-159;worldnews;1nh02gz;1327;UK to bar Israelis from The Royal College of Defence Studies;0.86
l3u18ss;116;worldnews;1cqvcbj;5930;UN blames �fog of war� for major overcounting of Gazan child deaths;0.78
lrtlnoj;110;worldnews;1g33kzr;4226;UN says no food has entered northern Gaza since start of October, putting 1 million people at risk of starvation;0.78
n8c0cqz;211;worldnews;1mog06u;8419;UN will add Hamas to blacklist of groups that commit sexual violence as weapon of war;0.88
l59quxi;133;worldnews;1cye0gb;4341;US �concerned� by Israel�s isolation, Biden national security adviser says;0.89
kytkm4t;116;worldnews;1bzun1h;13597;US has seen no evidence that Israel has committed genocide, Defense Secretary Austin says;0.74
kyslaeb;125;worldnews;1bzun1h;13597;US has seen no evidence that Israel has committed genocide, Defense Secretary Austin says;0.74
kysqgv3;128;worldnews;1bzun1h;13597;US has seen no evidence that Israel has committed genocide, Defense Secretary Austin says;0.74
kyt0j0l;136;worldnews;1bzun1h;13597;US has seen no evidence that Israel has committed genocide, Defense Secretary Austin says;0.74
kysn074;150;worldnews;1bzun1h;13597;US has seen no evidence that Israel has committed genocide, Defense Secretary Austin says;0.74
kytqj75;178;worldnews;1bzun1h;13597;US has seen no evidence that Israel has committed genocide, Defense Secretary Austin says;0.74
kysykpb;184;worldnews;1bzun1h;13597;US has seen no evidence that Israel has committed genocide, Defense Secretary Austin says;0.74
kyt5kze;198;worldnews;1bzun1h;13597;US has seen no evidence that Israel has committed genocide, Defense Secretary Austin says;0.74
kysjcjj;462;worldnews;1bzun1h;13597;US has seen no evidence that Israel has committed genocide, Defense Secretary Austin says;0.74
l1tg03h;115;worldnews;1cg4un6;6185;"US military's pier in Gaza to cost $320 million; involves about 1,000 U.S. service members";0.93
kgb03hl;103;worldnews;18yer8w;6053;US rebukes South Africa for 'meritless' genocide suit against Israel;0.83
kganam3;190;worldnews;18yer8w;6053;US rebukes South Africa for 'meritless' genocide suit against Israel;0.83
kgan37y;342;worldnews;18yer8w;6053;US rebukes South Africa for 'meritless' genocide suit against Israel;0.83
l3395vz;140;worldnews;1cmv4jh;11769;US reveals it paused shipment of bombs for Israel over Rafah concerns;0.89
lrk360d;144;worldnews;1g1z5ie;2767;US spends a record $17.9 billion on military aid to Israel since last Oct. 7;0.85
kusjd8g;227;worldnews;1beahf9;3797;US trying to overthrow Netanyahu�s government, senior Israeli official says;0.89
lrhzokp;128;worldnews;1g1ob6w;11231;US urges Israel to stop shooting at UN peacekeepers in Lebanon;0.87
lrhzoih;201;worldnews;1g1ob6w;11231;US urges Israel to stop shooting at UN peacekeepers in Lebanon;0.87
l57n7yx;248;worldnews;1cxzyo9;14839;Video shows Hamas abduction of female IDF spotters on Oct. 7;0.75
l2d6j1f;101;worldnews;1cj1iiz;2396;White House downplays Biden calling Japan 'xenophobic' country;0.87
l67jbnc;112;worldnews;1d3gpha;3914;White House says Israel's Rafah strike and ground assault don't cross Biden's 'red line';0.86
l677yre;750;worldnews;1d3gpha;3914;White House says Israel's Rafah strike and ground assault don't cross Biden's 'red line';0.86
mswklgz;117;worldnews;1kpaqdh;2298;World leaders urge Israel to stop its deadly military offensive in Gaza;0.8
kvijnmu;107;worldnews;1bi2zxb;1587;'You need a Rafah strategy that works,' Biden tells Netanyahu in stern call;0.89
